{"cameraMode":{"drawMode":0,"name":"Shaded","section":"Shading Mode"},"sceneLighting":true,"audioPlay":false,"sceneViewState":{"showFog":true,"showMaterialUpdate":false,"showSkybox":true,"showFlares":true,"showImageEffects":true,"showParticleSystems":true},"in2DMode":false,"pivot":{"x":-0.5096999406814575,"y":-0.2695794701576233,"z":-0.5859425663948059},"rotation":{"x":-0.2807125747203827,"y":-0.17948049306869508,"z":0.05352131649851799,"w":-0.9413409233093262},"size":7.899998664855957,"orthographic":false}