{"cameraMode":{"drawMode":0,"name":"Shaded","section":"Shading Mode"},"sceneLighting":true,"audioPlay":false,"sceneViewState":{"showFog":true,"showMaterialUpdate":false,"showSkybox":true,"showFlares":true,"showImageEffects":true,"showParticleSystems":true},"in2DMode":false,"pivot":{"x":-0.3394322693347931,"y":-0.2695794701576233,"z":0.37930357456207278},"rotation":{"x":-0.21024101972579957,"y":0.7310408353805542,"z":-0.25802844762802126,"w":-0.5956503748893738},"size":11.500000953674317,"orthographic":false}