{"cameraMode":{"drawMode":0,"name":"Shaded","section":"Shading Mode"},"sceneLighting":true,"audioPlay":false,"sceneViewState":{"showFog":true,"showMaterialUpdate":false,"showSkybox":true,"showFlares":true,"showImageEffects":true,"showParticleSystems":true},"in2DMode":false,"pivot":{"x":-0.5096999406814575,"y":-0.2695794701576233,"z":-0.5859425663948059},"rotation":{"x":-0.2766009569168091,"y":0.1141124963760376,"z":-0.03309907764196396,"w":-0.9536113739013672},"size":9.699999809265137,"orthographic":false}