{"cameraMode":{"drawMode":0,"name":"Shaded","section":"Shading Mode"},"sceneLighting":true,"audioPlay":false,"sceneViewState":{"showFog":true,"showMaterialUpdate":false,"showSkybox":true,"showFlares":true,"showImageEffects":true,"showParticleSystems":true},"in2DMode":false,"pivot":{"x":1.070939064025879,"y":1.7666888236999512,"z":-1.3618197441101075},"rotation":{"x":-0.4888860583305359,"y":-0.3089604377746582,"z":0.19041047990322114,"w":-0.7932703495025635},"size":2.3045849800109865,"orthographic":false}