{"cameraMode":{"drawMode":0,"name":"Shaded","section":"Shading Mode"},"sceneLighting":true,"audioPlay":false,"sceneViewState":{"showFog":true,"showMaterialUpdate":false,"showSkybox":true,"showFlares":true,"showImageEffects":true,"showParticleSystems":true},"in2DMode":false,"pivot":{"x":0.7899999618530273,"y":0.3199999928474426,"z":-4.050000190734863},"rotation":{"x":-0.17612940073013307,"y":0.7691363096237183,"z":-0.2394474744796753,"w":-0.5657497644424439},"size":2.8578836917877199,"orthographic":false}