{"cameraMode":{"drawMode":0,"name":"Shaded","section":"Shading Mode"},"sceneLighting":true,"audioPlay":false,"sceneViewState":{"showFog":true,"showMaterialUpdate":false,"showSkybox":true,"showFlares":true,"showImageEffects":true,"showParticleSystems":true},"in2DMode":false,"pivot":{"x":2.5268139839172365,"y":3.843810796737671,"z":-1.9520193338394166},"rotation":{"x":-0.19194549322128297,"y":0.6379424929618836,"z":-0.16855216026306153,"w":-0.7264822721481323},"size":0.648309051990509,"orthographic":false}