{"cameraMode":{"drawMode":0,"name":"Shaded","section":"Shading Mode"},"sceneLighting":true,"audioPlay":false,"sceneViewState":{"showFog":true,"showMaterialUpdate":true,"showSkybox":true,"showFlares":true,"showImageEffects":true,"showParticleSystems":true},"in2DMode":false,"pivot":{"x":-0.2680625915527344,"y":2.165189504623413,"z":-0.7972204685211182},"rotation":{"x":0.03686892241239548,"y":0.036553237587213519,"z":-0.001349868020042777,"w":0.9986504912376404},"size":2.3012475967407228,"orthographic":false}