{"cameraMode":{"drawMode":0,"name":"Shaded","section":"Shading Mode"},"sceneLighting":true,"audioPlay":false,"sceneViewState":{"showFog":true,"showMaterialUpdate":true,"showSkybox":true,"showFlares":true,"showImageEffects":true,"showParticleSystems":true},"in2DMode":false,"pivot":{"x":-0.4300000071525574,"y":0.3700000047683716,"z":-3.4600000381469728},"rotation":{"x":0.04536018893122673,"y":0.950064480304718,"z":-0.2607932686805725,"w":0.1652476042509079},"size":4.467843055725098,"orthographic":false}