{"cameraMode":{"drawMode":0,"name":"Shaded","section":"Shading Mode"},"sceneLighting":true,"audioPlay":false,"sceneViewState":{"showFog":true,"showMaterialUpdate":true,"showSkybox":true,"showFlares":true,"showImageEffects":true,"showParticleSystems":true},"in2DMode":false,"pivot":{"x":0.10482048988342285,"y":2.470121383666992,"z":-0.8533167839050293},"rotation":{"x":-0.003484342945739627,"y":0.9925236701965332,"z":-0.029190482571721078,"w":-0.11845942586660385},"size":6.8262457847595219,"orthographic":false}